sourceRepresentation,relation,targetRepresentation
cavaliere-di-coppe-storiaUno-protagonista,odi:movingThrough,dieci-di-bastoni-storiaUno-bosco
cavaliere-di-coppe-storiaUno-protagonista,odi:changesIn,fante-di-denari-storiaUno-protagonista
cavaliere-di-coppe-storiaUno-protagonista,odi:climbs,asso-di-bastoni-storiaUno-tronco
cavaliere-di-coppe-storiaUno-protagonista,odi:bumpsInto,il-sole-storiaUno-due-bambini
cavaliere-di-coppe-storiaUno-protagonista,odi:arrivesAt,asso-di-coppe-storiaUno-città-del-tutto
cavaliere-di-coppe-storiaUno-protagonista,odi:speaksTo,la-imperatrice-storiaUno-angelo-coronato
la-imperatrice-storiaUno-angelo-coronato,odi:changesIn,la-giustizia-storiaUno-angelo-coronato
regina-di-spade-storiaUno-donna-via-delle-passioni,odi:isRelatedWith,lo-amore-storiaUno-pena-di-cuore
regina-di-coppe-storiaUno-donna-via-della-sapeinza,odi:isRelatedWith,lo-amore-storiaUno-pena-di-cuore
regina-di-coppe-storiaUno-donna-via-della-sapienza,odi:isRelatedWith,regina-di-spade-storiaUno-donna-via-delle-passioni
la-giustizia-storiaUno-angelo-coronato,odi:changesIn,il-diavolo-storiaUno-diavolo
cavaliere-di-coppe-storiaUno-protagonista,odi:longsFor,la-stella-storiaUno-mare-che-disseta
cavaliere-di-coppe-storiaUno-protagonista,odi:changesIn,il-penduto-storiaUno-protagonista
il-penduto-storiaUno-protagonista,odi:changesIn,cavaliere-di-denari-storiaUno-protagonista
regina-di-bastoni-storiaDue-protagonista,odi:hasFamilyRelationWith,lo-eremita-storiaDue-padre
regina-di-bastoni-storiaDue-protagonista,odi:hasParticularConditionOf,la-forza-storiaDue-forza
regina-di-bastoni-storiaDue-protagonista,odi:bumpsInto,il-penduto-storiaDue-cavaliere
cavaliere-di-denari-storiaDue-cavaliere,odi:changesIn,il-penduto-storiaDue-cavaliere
regina-di-bastoni-storiaDue-protagonista,odi:hasFamilyRelationWith,il-sole-storiaDue-due-gemelli
cavaliere-di-denari-storiaDue-cavaliere,odi:hasFamilyRelationWith,lo-imperatore-storiaDue-imperatore
regina-di-bastoni-storiaDue-protagonista,odi:bumpsInto,il-matto-storiaDue-uomo-in-fuga
cavaliere-di-bastoni-storiaTre-protagonista,odi:movingThrough,quattro-di-bastoni-storiaTre-bosco
cavaliere-di-bastoni-storiaTre-protagonista,odi:speaksTo,il-matto-storiaTre-soldato-ferito
cavaliere-di-bastoni-storiaTre-protagonista,odi:sees,asso-di-denari-storiaTre-scudo
cavaliere-di-bastoni-storiaTre-protagonista,odi:sees,asso-di-spade-storiaTre-spada
cavaliere-di-spade-storiaTre-cavaliere,odi:sameAs,la-stella-storiaTre-cavaliere-rivelato
cavaliere-di-bastoni-storiaTre-protagonista,odi:discovers,la-stella-storiaTre-cavaliere
cavaliere-di-bastoni-storiaTre-protagonista,odi:changesIn,il-penduto-storiaTre-protagonista
cavaliere-di-bastoni-storiaTre-protagonista,odi:isDefeatedBy,il-mondo-storiaTre-guerriera-gigantesca
cavaliere-di-bastoni-storiaTre-protagonista,odi:isHelpedBy,lo-eremita-storiaTre-eremita
il-mondo-storiaTre-guerriera,odi:isRelatedWith,la-giustizia-storiaTre-amazzoni-giustiziere
la-giustizia-storiaTre-amazzoni-giustiziere,odi:isRelatedWith,regina-di-bastoni-storiaTre-regine-punitrici
fante-di-bastoni-storiaQuattro-protagonista,odi:hasComplexRelationWith,la-morte-storiaQuattro-morte
re-di-spade-storiaQuattro-re,odi:hasFamilyRelationWith,regina-di-coppe-storiaQuattro-regina
fante-di-bastoni-storiaQuattro-protagonista,odi:speaksTo,re-di-spade-storiaQuattro-re
la-papessa-storiaQuattro-strega,odi:changesIn,la-stella-storiaQuattro-regina
la-stella-storiaQuattro-regina,odi:sameAs,regina-di-coppe-storiaQuattro-regina
il-penduto-storiaQuattro-re-morto,odi:sameAs,re-di-spade-storiaQuattro-re
il-penduto-storiaQuattro-re-morto,odi:changesIn,asso-di-bastoni-storiaQuattro-cadavere-rianimato
asso-di-bastoni-storiaQuattro-cadavere-rianimato,odi:changesIn,fante-di-coppe-storiaQuattro-cadavere-re-beve
il-diavolo-storiaQuattro-unione-demoniaca,odi:isRelatedWith,il-mondo-storiaQuattro-riconciliazione-forze-terrestri-e-celesti
sette-di-denari-storiaCinque-oro,odi:isRelatedWith,tre-di-coppe-storiaCinque-strumenti-alchemici
re-di-denari-storiaCinque-protagonista,odi:longsFor,asso-di-coppe-storiaCinque-pietra-filosofale
re-di-denari-storiaCinque-protagonista,odi:hasParticularConditionOf,lo-eremita-storiaCinque-vita-solitaria
re-di-denari-storiaCinque-protagonista,odi:speaksTo,il-bagatto-storiaCinque-chierico-vagante
re-di-denari-storiaCinque-protagonista,odi:sees,dieci-di-denari-storiaCinque-casseforti-oro
il-bagatto-storiaCinque-chierico-vagante,odi:sameAs,il-diavolo-storiaCinque-mefistofele
re-di-denari-storiaCinque-protagonista,odi:trades,la-temperanza-storiaCinque-anima-faust
re-di-denari-storiaCinque-protagonista,odi:receives,asso-di-denari-storiaCinque-terra-trasformata-in-oro
re-di-denari-storiaCinque-protagonista,odi:longsFor,la-stella-storiaCinque-rinascita-di-Venere
cavaliere-di-spade-storiaSei-protagonista,odi:longsFor,asso-di-coppe-storiaSei-graal
il-bagatto-storiaSei-mago-merlino,odi:isRelatedWith,il-diavolo-storiaSei-potenze-infernali
cavaliere-di-spade-storiaSei-protagonista,odi:hasParticularConditionOf,il-sole-storiaSei-innocenza-fanciullesca
cavaliere-di-spade-storiaSei-protagonista,odi:movingThrough,la-luna-storiaSei-terre-desolate
re-di-bastoni-storiaSette-protagonista,odi:changesIn,fante-di-coppe-storiaSette-protagonista
regina-di-coppe-storiaOtto-protagonista,odi:hasFamilyRelationWith,regina-di-spade-storiaOtto-Giulietta
regina-di-coppe-storiaOtto-protagonista,odi:speaksTo,la-papessa-storiaOtto-badessa
fante-di-denari-storiaNove-protagonista,odi:hasComplexRelationWith,il-papa-storiaSette-sigismondo-di-vindobona
fante-di-denari-storiaNove-protagonista,odi:changesIn,lo-imperatore-storiaNove-protagonista
fante-di-denari-storiaNove-protagonista,odi:changesIn,lo-eremita-storiaNove-protagonista
fante-di-spade-storiaDieci-protagonista,odi:hasFamilyRelationWith,lo-imperatore-storiaDieci-spettro-re-danimarca
fante-di-spade-storiaDieci-protagonista,odi:changesIn,il-matto-storiaDieci-protagonista
il-matto-storiaDieci-protagonista,odi:hasParticularConditionOf,lo-amore-storiaDieci-follia-amore
la-temperanza-storiaDieci-ofelia,odi:changesIn,il-mondo-storiaDieci-ofelia-fuori-di-se
regina-di-spade-storiaUndici-protagonista,odi:sees,lo-eremita-storiaUndici-spettro-di-banquo
regina-di-spade-storiaUndici-protagonista,odi:changesIn,la-stella-storiaUndici-protagonista
re-di-coppe-storiaDodici-protagonista,odi:hasFamilyRelationWith,regina-di-bastoni-storiaDodici-regana
re-di-coppe-storiaDodici-protagonista,odi:hasFamilyRelationWith,regina-di-denari-storiaDodici-gonerilla
re-di-coppe-storiaDodici-protagonista,odi:hasParticularConditionOf,la-luna-storiaDodici-desolazione-vuoto
re-di-coppe-storiaDodici-protagonista,odi:changesIn,lo-eremita-storiaDodici-protagonista
re-di-coppe-storiaDodici-protagonista,odi:hasFamilyRelationWith,la-temperanza-storiaDodici-cordelia
la-temperanza-storiaDodici-cordelia,odi:changesIn,la-stella-storiaDodici-cordelia-esule