odi:Representation,odi:hasIconography,odi:hasReferenceMode,rdf:type,meaningLabel,odi:represents,odi:hasTextualReference
cavaliere-di-coppe-storiaUno-protagonista,Grande,ExplicitReference,Character,Protagonista,,"""«nella faccia, ansiosa, a occhi sgranati, coi capelli lunghi che gli scendono sulle spalle, diventati bianchi»"""
otto-di-coppe-storiaUno-banchetto-di-nozze,Piccola,ExplicitReference,Event,Banchetto di nozze,,«un accaldato banchetto» / «la festa delle proprie nozze»
dieci-di-bastoni-storiaUno-bosco,Piccola,ExplicitReference,FictionalPlace,Bosco,,"""«prendere aria nel bosco» / «farsi uccel di bosco»"""
lo-amore-storiaUno-pena-di-cuore,"Grande ",ExplicitReference,Event,Pena di cuore,,"""«una pena di cuore» / «forse ci sono due donne nella sua vita, e lui non sa scegliere»"""
il-carro-storiaUno-viaggio,Grande,ExplicitReference,Event,Viaggio,,"""«poteva liberarlo solo un viaggio» / «i due cavalli tirano il pomposo veicolo per le vie accidentate del bosco»"""
due-di-bastoni-storiaUno-necessità-di-una-scelta,Grande,ExplicitReference,Event,Necessità di una scelta,,"""«l'incrocio di due strade»"""
fante-di-denari-storiaUno-protagonista,"Grande ",ExplicitReference,Character,Protagonista,,"""«il giovane mentre butta in aria una moneta»"""
asso-di-denari-storiaUno-moneta-testa,Piccola,"ImplicitReference ",InanimateObject,Lancio della moneta (testa),,"""Rappresenta la testa nel «testa o croce?»"""
cinque-di-bastoni-storiaUno-moneta-croce,"Piccola ",ImplicitReference,InanimateObject,Lancio della moneta (croce),,"""Rappresenta la croce nel «testa o croce?»"""
asso-di-bastoni-storiaUno-tronco,Grande,ExplicitReference,InanimateObject,Tronco,,"""«il tronco nodoso»"""
il-sole-storiaUno-due-bambini,Grande,ExplicitReference,Character,Due bambini,,"""«due monelli» / «due gemelli: uguali identici, scalzi, biondi biondi»"""
asso-di-coppe-storiaUno-città-del-tutto,Grande,ExplicitReference,FictionalPlace,Città del Tutto,,"""«una città con tante torri e guglie e minareti e cupole che sporgono fuori dalle mura» / «questa città sembra in equilibrio in cima a una piramide [...] la vetta del grande albero» / «città sospesa sui rami più alti come un nido d'uccelli» / «È la Città del Tutto? È la città dove tutte le parti si congiungono»"""
la-imperatrice-storiaUno-angelo-coronato,Grande,"ImplicitReference ",Character,Angelo coronato,,"""«un personaggio dagli attributi regali, divinità in trono o angelo coronato»"""
due-di-coppe-storiaUno-due-pozzi,Grande,ImplicitReference,InanimateObject,Due pozzi,,"""«due pozzi uguali»"""
la-giustizia-storiaUno-angelo-coronato,Grande,ImplicitReference,Character,Angelo che veglia sulle decisioni e gli equilibri,,"""«la potenza coronata ora brandisce una bilancia e una spada» / «angelo che veglia sulle decisioni e gli equilibri, dall'alto della costellazione della Libra»"""
regina-di-spade-storiaUno-donna-via-delle-passioni,Piccola,"NameOnlyReference ",Character,Donna della scelta mancata (o via delle passioni),,"""«due Regine affacciate a due balconi» / «impugnano ciascuna una spada sguainata, l'una con la destra» / «la via delle passioni»"""
regina-di-coppe-storiaUno-donna-via-della-sapienza,Piccola,"NameOnlyReference ",Character,Donna della scelta mancata (o via della sapienza),,"""«due Regine affacciate a due balconi» / «impugnano ciascuna una spada sguainata, [...] l'altra – certo per simmetria – con la sinistra. Oppure [...] poteva anche essere una penna d'oca, o un compasso chiuso, o un flauto, o un tagliacarte» / «la via della speranza»"""
cinque-di-coppe-storiaUno-destini-intercambiabili,Grande,"SuitOnlyReference ",Symbol,Destini intercambiabili,,"""«ogni tarocco e ogni pozzo sono uguali [...] come i destini ti si squadernano davanti intercambiabili»"""
la-stella-storiaUno-mare-che-disseta,Grande,ExplicitReference,Symbol,Il mare che disseta,,"""«la cisterna dove le acque di tutti i pozzi e tutti i fiumi sfociano e si confondono [...] il mare» / «una dea nuda prende due caraffe che contengono chissà quali succhi messi in fresco per chi ha sete [...] e le rovescia a innaffiare la riva di ghiaia»"""
la-luna-storiaUno-cataclisma,Grande,ExplicitReference,Event,Cataclisma,,"""«un cataclisma, il sollevarsi del livello degli oceani verso le città abbandonate [...] mentre l'esercito dei crostacei avanza dal fondo degli abissi a riconquisatre il globo»"""
la-torre-storiaUno-mura-diroccate,Grande,ExplicitReference (minuscolo),InanimateObject,Mura diroccate,,"""«un fulmine che picchia sulla vetta dell'albero diroccando ogni mura e torre della città sospesa»"""
il-diavolo-storiaUno-diavolo,Grande,ImplicitReference,Character,Diavolo,,"""«l'angelo che abita nel punto in cui le linee si biforcano»"""
il-penduto-storiaUno-protagonista,Grande,ExplicitReference,Character,Protagonista,,"""«Appeso per i piedi ai sargassi che galleggiano a mezz'acqua sotto la superficie opaca dell'oceano»"""
il-mondo-storiaUno-catena-di-mutazioni,Grande,ExplicitReference,Symbol,Catena di mutazioni e evoluzioni,,"""«la sola cosa che lui voleva era uscire dalla limitazione individuale [...], ecco la via» / ""«ogni specie ed individuo e tutta la storia del genere umano non sono che un casuale anello d'una catena di mutazioni e evoluzioni»"""""
la-ruota-della-fortuna-storiUno-ciclo-della-vita,Grande,ExplicitReference,Symbol,"Ciclo evolutivo della vita ",,"""«il grande giro della Ruota in cui evolve la vita animale e di cui non puoi mai dire qual è l'alto e quale il basso»"""
il-giudizio-storiaUno-terremoto-finale,Grande,ExplicitReference,Event,Terremoto finale (fine del mondo),,"""«il disfacimento, la discesa fino al centro della terra nelle colate degli elementi, [...] cataclismi che rimescolano il mazzo dei tarocchi e riportano alla luce gli strati sepolti»"""
sei-di-spade-storiaUno-scomposizione-del-se,Piccola,SuitOnlyReference,Event,Scomposizione del sé,,"""«sminuzzato [...] nei suoi elementi primi»"""
sette-di-coppe-storiaUno-crateri-vulcani,Piccola,SuitOnlyReference,InanimateObject,Crateri dei vulcani,,"""«era passato per i crateri dei vulcani [...] attraverso tutte le ere della terra»"""
nove-di-denari-storiaUno-cristalli,Piccola,"SuitOnlyReference ",InanimateObject,Cristalli,,"""«immobilità definitiva dei cristalli»"""
sei-di-bastoni-storiaUno-bosco,Piccola,SuitOnlyReference,FictionalPlace,Bosco,,"""«lancinante germogliare del bosco»"""
cavaliere-di-denari-storiaUno-protagonista,Grande,ExplicitReference,Character,Protagonista,,"""«la propria identica forma umana» / «Ma è davvero lui o non piuttosto un suo sosia?»"""
regina-di-bastoni-storiaDue-protagonista,"Grande ",ExplicitReference,"Character ","Protagonista ",,"""«una gigantesca giovinetta» / nelle sode fattezze campagnole, incorniciate dai rigopgliosi capelli canuti, e nel portamento brusco«»"""
sei-di-bastoni-storiaDue-foresta,Piccola,SuitOnlyReference,FictionalPlace,Foresta,,"""«la foresta in cui sono stata allevata»"""
lo-eremita-storiaDue-padre,Piccola,ExplicitReference,"Character ",Padre,,"""«un padre che, non aspettandosi più niente di buono dal mondo civile, s'era fatto Eremita in questi boschi»"""
la-forza-storiaDue-forza,Grande,ExplicitReference,Symbol,Forza,,"""«Ho educato la mia forza giocando coi cinghiali e coi lupi»"""
cavaliere-di-denari-storiaDue-cavaliere,Piccola,"NameOnlyReference ",Character,Cavaliere,,"""«un bel Cavaliere»"""
il-penduto-storiaDue-cavaliere,Grande,ExplicitReference (minuscolo),Character,Cavaliere,,"""«appeso per i piedi a un ramo»"""
fante-di-bastoni-storiaDue-brigante,Piccola,ImplicitReference,Character,"Brigante ",,"""«un brigante di passo, che gli svuota le tasche dell'ultimo quattrino»"""
asso-di-bastoni-storiaDue-clava,Piccola,ImplicitReference,InanimateObject,Clava,,"""«si butta sul brigante mulinando la sua clava»"""
due-di-coppe-storiaDue-due-coppe,Piccola,ExplicitReference,InanimateObject,Due coppe,,"""«versa Due Coppe d'una bevanda di cui lei sola ha la ricetta»"""
il-mondo-storiaDue-nudità,Grande,ExplicitReference,Symbol,Nudità rivelata,,"""«al giovane s'era rivelata la nudità di lei, trasfigurata in una danza amorosa»"""
lo-amore-storiaDue-invaghimento,Piccola,ExplicitReference,Symbol,Invaghimento,,"""«invaghimento del principe è confermato» / «il giovanotto risultava sposato»"""
il-papa-storiaDue-papa,Piccola,ExplicitReference,Character,Papa,,"""«solo Il Papa può sciogliermi dal primo matrimonio»"""
il-carro-storiaDue-carro,Piccola,ExplicitReference,InanimateObject,Carro,,"""«salito sul suo Carro parte senza nemmeno voltarsi»"""
tre-di-denari-storiaDue-provvigione,Piccola,ExplicitReference,InanimateObject,Provvigione,,"""«una modesta provvigione»"""
la-stella-storiaDue-scorrere-del-tempo,Grande,ExplicitReference,Symbol,Scorrere del tempo,,"""«in breve volgere di Stelle»"""
il-sole-storiaDue-due-gemelli,Piccola,ExplicitReference,Character,Due gemelli,,"""«Dà alla luce del Sole due gemelli»"""
la-giustizia-storiaDue-giustizia,Piccola,ExplicitReference,Symbol,Giustizia,,"""«mi presenterò a chiedere Giustizia»"""
lo-imperatore-storiaDue-imperatore,Piccola,ExplicitReference,Character,Imperatore,,"""«all'Imperatore in persona, che riconoscerà in me la vera sposa del suo erede»"""
il-matto-storiaDue-uomo-in-fuga,Piccola,ExplicitReference,Character,Uomo in fuga,,"""«un uomo che scappa come un Matto, inseguito dai lupi»"""
la-luna-storiaDue-desolazione-urbana,Grande,ExplicitReference,Symbol,Desolazione urbana,,"""«sulle dune ululano gli sciacalli, nei palazzi abbandonati sotto la Luna le finestre s'aprono come occhiaie vuote»"""
la-ruota-della-fortuna-storiaDue-ruota-degli-ingranaggi,Grande,ExplicitReference,Symbol,Ruota degli ingranaggi,,"""«i macchinari i motori le turbine continuano a ronzare e a vibrare, ogni Ruota a ingranare i suoi denti in altre ruote»"""
il-giudizio-storiaDue-giorno-del-giudizio,Grande,ExplicitReference,Event,Giorno del giudizio,,"""«Riconoscono il giorno del Giudizio com'è rappresentato nei tarocchi»"""
la-torre-storiaDue-torre-di-nembrotte,Grande,ImplicitReference,InanimateObject,"Torre di Nembrotte ",,"""«verrà il giorno in cui una piuma butterà giù la torre di Nembrotte»"""
cavaliere-di-bastoni-storiaTre-protagonista,Grande,ExplicitReference,Character,Protagonista,,"""«che attillata uniforme indossava, guernita di lucenti piastre di corazza, con una gardenia alla fibbia d'un gambale» / «i capelli bianchi, l'occhio vaneggiante, la lancia spezzata e ridotta a un troncone. A meno che si trattasse non d'un pezzo di lancia [...] ma d'un foglio di pergamena arrotolato, un messaggio che gli era stato ordinato di recapitare»"""
dieci-di-spade-storiaTre-combattimento,Grande,ExplicitReference,Event,Combattimento,,"""«a fil di spada gli eserciti opposti s'aprono la strada uno nell'altro come in un Dieci di Spade»"""
cavaliere-di-spade-storiaTre-cavaliere,Grande,ExplicitReference,Character,Cavaliere,,"""«un Cavaliere di Spade che spicca sugli altri per l'eleganza dell'equipaggiamento umano ed equino» / «la sua armatura [...] è completa d'ogni ammennicolo e tutta d'un colore dall'elmo ai cosciali: un blu pervinca»"""
due-di-spade-storiaTre-duello,Grande,ExplicitReference,Event,Duello,,"""«le Due Spade intrecciate [...] indicano che i due si sono appartati per un duello singolare»"""
il-giudizio-storiaTre-tromba,Grande,ExplicitReference,InanimateObject,Olifante,,"""«una tromba che pare quella dell'Angelo del Giudizio» / «è l'olifante che chiama a raccolta i fedeli»"""
lo-imperatore-storiaTre-imperatore,Grande,ExplicitReference,Character,Imperatore,,
quattro-di-bastoni-storiaTre-bosco,Grande,ImplicitReference,FictionalPlace,Bosco,,"""«L'ufficiale si butta nel bosco»"""
la-morte-storiaTre-morte,Grande,ExplicitReference,Event,Morte sul campo di battaglia,,"""«Alcuni che La Morte non ha ancora irrigidito annaspano come imparando a nuotare nella fanghiglia nera del loro sangue»"""
il-matto-storiaTre-soldato-ferito,Grande,ExplicitReference,Character,Soldato ferito,,"""«qualcuno così lordo e sbrindellato [...] si scopriva essere un soldato ferito e zoppicante in fuga dal campo della carneficina»"""
la-luna-storiaTre-paesaggio-notturno-desolato,Grande,ExplicitReference,Symbol,Paesaggio notturno desolato,,"""«Scansando l'ululato degli sciacalli [...] Al lume della Luna»"""
sei-di-bastoni-storiaTre-albero,Piccola,ImplicitReference,InanimateObject,Albero,,"""«vede luccicare appesi a un albero»"""
asso-di-denari-storiaTre-scudo,Piccola,ImplicitReference,InanimateObject,Scudo dorato,,"""«uno scudo dorato»"""
asso-di-spade-storiaTre-spada,Grande,SuitOnlyReference,InanimateObject,Spada d'argento,,"""«una Spada d'argento»"""
la-stella-storiaTre-cavaliere-rivelato,Grande,ExplicitReference,Character,Cavaliere rivelato,,"""«Il guerriero sconosciuto è fermo sulla riva e si sta spogliando dell'armatura» / «ha la pelle di giovinetta, polpe di dama, seno e grembo di regina»"""
il-penduto-storiaTre-protagonista,Grande,ExplicitReference,Character,Protagonista,,"""«si sente afferrato per le braccia e le gambe, legato, Appeso a testa in giù»"""
il-mondo-storiaTre-guerriera-gigantesca,Grande,ExplicitReference,Character,Guerriera gigantesca,,"""Una delle «bagnanti nude dalle lunghe gambe» / «un reggimento di guerriere gigantesche»"""
la-forza-storiaTre-forza,Grande,ExplicitReference,Symbol,Forza,,"""«la loro Forza di fulminee leonesse»"""
lo-eremita-storiaTre-eremita,Grande,ExplicitReference,Character,Eremita,,"""«un Eremita che a lume di lanterna percorre i luoghi della battaglia componendo le spoglie dei morti e medicando le piaghe dei mutilati»"""
la-giustizia-storiaTre-amazzoni-giustiziere,Piccola,ImplicitReference,Character,Amazzoni giustiziere,,"""«l'esercito delle amazzoni giustiziere travolge e massacra i reggimenti e gli imperi»"""
la-torre-storiaTre-crollo-potere-maschile,Piccola,ImplicitReference,Symbol,Crollo del potere maschile,,"""«I fieri fortilizi del nostro sesso crollano uno a uno»"""
regina-di-bastoni-storiaTre-regine-punitrici,Grande,ImplicitReference,Character,Regine punitrici,,"""Una delle «Regine punitrici governeranno per i prossimi millenni»"""
la-morte-storiaQuattro-morte,Piccola,"ExplicitReference ",Symbol,La Morte,,"""«sembra intrattenere con l'Arcano Numero Tredici una brusca confidenza»"""
fante-di-bastoni-storiaQuattro-protagonista,Grande,ExplicitReference,Character,"Protagonista ",,"""«è un omaccione non diverso da quello che si vede nella carte del Fante di Bastoni» / «il legno a cui si appoggia nella figura sia il manico di una pala affondata in terra e lui eserciti il mestiere di becchino»"""
nove-di-coppe-storiaQuattro-urne-funerarie,Piccola,SuitOnlyReference,InanimateObject,"Urne funerarie ",,"""«le Coppe si profilano come urne arche avelli tra le ortiche»"""
otto-di-spade-storiaQuattro-vanghe-e-badili,Piccola,"SuitOnlyReference ",InanimateObject,Vanghe e badili,,"""«le Spade risuonano metalliche come vanghe o badili contro i coperchi di piombo»"""
cinque-di-bastoni-storiaQuattro-croci-storte,Piccola,SuitOnlyReference,InanimateObject,Croci storte,,"""«i Bastoni nereggiano come croci storte»"""
sette-di-denari-storiaQuattro-fuochi-fatui,Piccola,"SuitOnlyReference ",Symbol,Fuochi fatui,,"""«gli Ori ammiccano come fuochi fatui»"""
la-luna-storiaQuattro-paesaggio-notturno,Piccola,ExplicitReference,Symbol,Paesaggio notturno,,"""«Appena una nuvola scopre La Luna si leva l'ululato degli sciacalli»"""
re-di-spade-storiaQuattro-re,Grande,ExplicitReference,Character,Re,,"""«un Re che s'avanza perplesso»"""
il-matto-storiaQuattro-buffone,Grande,ExplicitReference,Character,Buffone o nano di corte,,"""«accompagnato dal suo buffone o nano di corte»"""
regina-di-coppe-storiaQuattro-regina,Piccola,ExplicitReference,Character,Regina,,"""«sua moglie»"""
lo-amore-storiaQuattro-intrigo-amore,Piccola,ExplicitReference,"Event ",Intrigo d'amore,,"""«sospetta un intrigo d'amore»"""
il-sole-storiaQuattro-trasparenza,,solo nome + no immagine,Symbol,Trasparenza delle azioni,,"""tutto ciò che fa sua moglie può apparire alla luce del Sole"""
dieci-di-denari-storiaQuattro-ricchezza,Piccola,SuitOnlyReference,Symbol,Ricchezza,,"""«i Denari circolanti e ben investiti»"""
sette-di-coppe-storiaQuattro-abbondanza,Piccola,SuitOnlyReference,Symbol,Abbondanza,,"""«le Coppe dell'abbondanza offerte alla sete festosa della prodiga clientela»"""
la-ruota-della-fortuna-storiaQuattro-ruota-del-grande-meccanismo,Piccola,ExplicitReference,Symbol,Ruota del grande meccanismo,,"""«la Ruota del grande meccanismo che gira per forza propria giorno e notte»"""
la-giustizia-storiaQuattro-giustizia-amministrativa,Piccola,ExplicitReference,Symbol,Giustizia amministrativa,,"""«una Giustizia rigorosa e razionale quale quella che affaccia nella sua carta un fisso volto d'impiegata allo sportello»"""
asso-di-coppe-storiaQuattro-città-del-re,Grande,ExplicitReference,FictionalPlace,"Città del re ",,"""«La città che lui ha costruita è sfaccetatata come un cristallo o come l'Asso di Coppe, [...] una città le cui cuspidi sovrastano le nuvole e che seppellisce le ali oscure dei suoi miasmi nelle viscere del suolo»"""
sei-di-bastoni-storiaQuattro-bosco,Grande,ImplicitReference,FictionalPlace,Bosco,,"""«nel bosco dove c'eravamo tutti smarriti»"""
la-papessa-storiaQuattro-strega,Grande,ExplicitReference,Character,Donna esperta in filtri e libri d'incantesimi,,"""«una figura incappucciata in un mantello da monaca» / una delle donne tra «una mala genìa di donne [...] esperte in filtri e libri d'incantesimi, che vanno in cerca d'ingredienti per i loro malefizi»"""
la-stella-storiaQuattro-regina,Grande,ExplicitReference,Character,Regina,,"""«vediamo la donna togliersi il manto e le bende monacali [...] è bella; è nuda [...] assomiglia alla regina»"""
il-giudizio-storiaQuattro-scoperchiamento-tomba,Piccola,ExplicitReference,Event,Scoperchiamento d'una tomba,,"""«è dello scoperchiamento d'una tomba che qui si tratta, scena che un altro tarocco prevede per il giorno del Giudizio alla fine dei tempi»"""
due-di-bastoni-storiaQuattro-due-bastoni,Piccola,ExplicitReference,InanimateObject,Due bastoni,,"""«Con l'aiuto di Due Bastoni»"""
il-penduto-storiaQuattro-cadavere-re,Grande,ExplicitReference,Character,"Cadavere del re ",,"""«un morto dall'aspetto ben conservato; dal cranio pallido pende una capigliatura folta d'un nero quasi azzzurro; gli occhi sono sbarrati come da morte violenta, le labbra contratte sui denti canini»"""
asso-di-bastoni-storiaQuattro-cadavere-re-rianimato,Piccola,ExplicitReference,Character,Cadavere del re rianimato,,"""«ecco che il morto s'erige coem l'Asso di Bastoni»"""
fante-di-coppe-storiaQuattro-cadavere-re-beve,Piccola,ExplicitReference,Character,Cadavere del re che beve,,"""«porta alle labbra un calice che la strega gli ah offerto»"""
due-di-coppe-storiaQuattro-brindisi-di-sangue,Grande,ExplicitReference,Event,Brindisi di sangue,,"""«brindano insieme, alzando bicchieri rosseggianti d'un sangue fresco e senza coaguli»"""
il-diavolo-storiaQuattro-unione-demoniaca,Grande,ExplicitReference,Event,Unione demoniaca,,"""«Di questo empio rito i tarocchi riportano due versioni [...] l'una rozza che si sforza di raffigurare una figura esecrabile, a un tempo uomo donna pipistrello»"""
il-mondo-storiaQuattro-riconciliazione-forze-terrestri-e-celesti,Grande,ExplicitReference,Event,"Riconciliazione delle forze terrestri e celesti ",,"""«Di questo empio rito i tarocchi riportano due versioni [...] l'altra tutta festoni e ghirlande, che celebra la riconciliazione delle forze terrestri con quelle del cielo a simbolo della totalità del Mondo, mediante la danza d'una maga o ninfa ignuda tripudiante»"""
sette-di-spade-storiaQuattro-esercito-reale,Grande,SuitOnlyReference,Character,Esercito del re,,"""«potrei far ricorso al mio esercito, addestrato alla manovra aggirante e premente, al mettere a fuoco e al ferro»"""
la-ruota-della-fortuna-storiaQuattro-ridda-degli-spettri,Grande,ExplicitReference,Event,Ridda degli spettri zoomorfi,,"""«la ridda degli spettri zoomorfi»"""
la-ruota-della-fortuna-storiaQuattro-trappola,Grande,ExplicitReference,InanimateObject,Trappola,,"""«la trappola messa su con materiali di fortuna»"""
la-ruota-della-fortuna-storiaQuattro-rampa-di-lancio,Grande,ExplicitReference,InanimateObject,Rampa di lancio,,"""«la rampa di lancio in cui il Re ha incapsulato l'infernale selvaggina per scaraventarla in un'orbita senza ritorno»"""
la-luna-storiaQuattro-luna,Grande,ExplicitReference,FictionalPlace,Luna,,"""«scaricarla sui terreni vaghi della Luna, che da troppo tempo governa gli estri dei licantropi, le generazioni delle zanzare, i mestrui»"""
due-di-denari-storiaQuattro-traiettoria-dalla-terra-alla-luna,Grande,ExplicitReference,,Traiettoria dalla Terra alla Luna,,"""«contempla con sguardo ansioso la curva che allaccia il Due di Denari come se scrutasse la traiettoria dalla Terra alla Luna"
la-torre-storiaQuattro-torre-colpita-fulmine,Piccola,ExplicitReference,InanimateObject,Torre colpita da un fulmine,,"""«la Torre più elevata che gratti il cielo della metropoli»"""
il-bagatto-storiaQuattro-ingegnere,Piccola,ExplicitReference,Character,Ingegnere che ripara il Cervello Meccanico,,"""Uno degli «ingegneri che in quel momento s'affannano a smontare il gran Cervello Meccanico per trovare il guasto»"""
la-torre-storiaQuattro-caduta-della-regina,Grande,ExplicitReference,Event,Caduta della regina dal balcone,,"""«una donna che precipita da vertiginosa altezza nel vuoto tra le facciate dei grattacieli»"""
il-penduto-storiaQuattro-regina-appesa-ai-fili,Grande,ExplicitReference,Character,Regina impigliata nei fili elettrici,,"""«il corpo che prima di sfracellarsi al suolo s'impiglia per i piedi nei fili»"""
re-di-denari-storiaCinque-protagonista,Grande,ExplicitReference,Character,Protagonista,,"""«un uomo anziano che in mezzo alla parapiglia conserva la sua calma meditativa»"" / «un alchimista» / «dottor Faust»"""
tre-di-coppe-storiaCinque-strumenti-alchemici,Piccola,SuitOnlyReference,InanimateObject,Strumenti alchemici,,"""«potrebbero servire a definirlo come un alchimista che ha speso la sua vita a indagare le combinazioni degli elementi e le loro metamorfosi»"""
sette-di-denari-storiaCinque-oro,Piccola,SuitOnlyReference,InanimateObject,Oro come elemento alchemico,,"""«potrebbero servire a definirlo come un alchimista che ha speso la sua vita a indagare le combinazioni degli elementi e le loro metamorfosi»"""
fante-di-coppe-storiaCinque-famulo,Grande,ExplicitReference,Character,Famulo o assistente,,"""«famulo o assistente»"""
asso-di-coppe-storiaCinque-pietra-filosofale,Grande,ExplicitReference,InanimateObject,Pietra filosofale,,"""«contiene il flogisto o la pietra dei filosofi o l'elisir di lunga vita»"""
il-sole-storiaCinque-astro-dell-oro,Piccola,ExplicitReference,Symbol,Astro dell'oro,,"""«l'astro dell'oro»"""
la-ruota-della-fortuna-storiaCinque-moto-perpetuo,,ExplicitReferenceNoImage,Event,Moto perpetuo,,"""«il moto perpetuo»"""
il-giudizio-storiaCinque-morte-e-resurrezione,Piccola,ExplicitReference,Event,Morte e resurrezione alchemica,,"""«la morte e resurrezione (dei metalli e dell'anima)»"""
lo-eremita-storiaCinque-vita-solitaria,Grande,ExplicitReference,Symbol,Vita solitaria,,"""«dubita della sapienza che s'accumula in una solitaria vita d'Eremita»"""
la-torre-storiaCinque-cella-alchimista,Grande,ExplicitReference,FictionalPlace,Cella dell'alchimista,,"""«un lampo illumina la sua celletta in cima alla Torre»"""
il-bagatto-storiaCinque-chierico-vagante,Grande,ExplicitReference,Character,Chierico vagante,,"""«forse è un chierico vagante, o un Bagatto ciarlatano» / «losco fattucchiere»"""
il-mondo-storiaCinque-brodo-primordiale,Grande,ExplicitReference,Symbol,Brodo primordiale,,"""«Il brodo che era alle origini del Mondo»"""
dieci-di-denari-storiaCinque-casseforti-oro,Grande,ImplicitReference,InanimateObject,Casseforti piene d'oro,,"""«casseforti traboccanti di lingotti fatti in casa»"""
lo-amore-storiaCinque-amore-e-giovinezza,Grande,ExplicitReference,Symbol,Promessa dell'amore e della giovinezza,,"""«l'Arcano dell'Amore, in cui la storia di Faust si confonde con quella di Don Giovanni Tenorio»"""
due-di-coppe-storiaCinque-segreto-alchemico,Grande,ExplicitReference,Symbol,Segreto della trasmutazione alchemica,,"""«promemoria del segreto per fare l'oro [...] gli spiriti dello Zolfo e del Mercurio [...] l'unione del Sole e della Luna, o la lotta del Fisso e del Volatile»"""
due-di-denari-storiaCinque-baratto,Grande,ExplicitReference,Event,Baratto,,"""«uno scambio, un baratto, un do-ut-des»"""
la-temperanza-storiaCinque-anima-faust,Grande,ExplicitReference,InanimateObject,Anima di Faust,,"""«l'anima del nostro commensale, ci è agevole riconoscerne un'ingenua allegoria nella fluida apparizione alata dell'arcano La Temperanza»"""
il-diavolo-storiaCinque-mefistofele,Grande,ExplicitReference,Character,Mefistofele,,"""«non restano dubbi sulla sua identità di diavolo»"""
asso-di-denari-storiaCinque-terra-trasformata-in-oro,Grande,ExplicitReference,InanimateObject,Pianeta Terra trasformato in oro,,"""«il globo terracqueo diventato una sfera d'oro massiccio»"""
la-stella-storiaCinque-rinascita-di-Venere,Grande,ExplicitReference,Symbol,Rinascita continua di Venere,,"""«vedrà Venere rinascere continuamente sulle rive di Cipro, dissipando le macchie di nafta, la schiuma di detersivo»"""
cavaliere-di-spade-storiaSei-protagonista,Grande,ExplicitReference,Character,Protagonista,,"""«chi con la bella incoscienza della gioventù si sente di riconoscersi nella più baldanzosa figura di guerriero di tutto il mazzo» / «Perceval-Parzival-Parsifal» """
due-di-denari-storiaSei-lungo-giro,Piccola,ExplicitReference,Event,Lungo giro,,"""«Ma dovrà fare un lungo giro (come indica il segno serpeggiante del Due di Denari)»"""
due-di-spade-storiaSei-sfida,Piccola,ExplicitReference,Event,Sfida,,"""«sfidare (Due di Spade) le potenze infernali»"""
il-diavolo-storiaSei-potenze-infernali,,ExplicitReferenceNoImage,Character,Potenze infernali,,"""«le potenze infernali»"""
il-bagatto-storiaSei-mago-merlino,Piccola,ExplicitReference,Character,Mago Merlino,,"""«evocate dal Mago Merlino (Il Bagatto)»"""
sette-di-bastoni-storiaSei-foresta-di-brocelianda,Piccola,ExplicitReference,FictionalPlace,Foresta di Brocelianda,,"""«nella foresta di Brocelianda (Sette di Bastoni)»"""
dieci-di-coppe-storiaSei-tavola-rotonda,Piccola,ExplicitReference,InanimateObject,Tavola Rotonda,,"""«se vorrà alla fine essere ammesso a sedersi alla Tavola Rotonda»"""
re-di-spade-storiaSei-re-artu,Piccola,ExplicitReference,Character,Re Artù,,"""«Re Artù»"""
asso-di-coppe-storiaSei-graal,Grande,ExplicitReference,InanimateObject,Graal,,"""«il talismano custodito dal Re Pescatore, il vaso misterioso [...], la Grolla che continua a essere contesa»"""
il-papa-storiaSei-papa,Piccola,ExplicitReference,Symbol,Religione romana,,"""«tener viva la battaglia tra Il Papa e il Druido-Eremita»"""
lo-eremita-storiaSei-druido-eremita,Piccola,ExplicitReference,Symbol,Religione celtica,,"""«tener viva la battaglia tra Il Papa e il Druido-Eremita»"""
il-sole-storiaSei-innocenza-fanciullesca,Piccola,ExplicitReference,Symbol,Innocenza fanciullesca,,"""«l'innocenza del fanciullio cavaliere»"""
la-ruota-della-fortuna-storiaSei-incantesimo-del-bosco,,ExplicitReferenceNoImage,Event,Incantesimo del bosco,,"""«l'incantesimo del bosco»"""
il-giudizio-storiaSei-chiamata-celeste,Piccola,ExplicitReference,Event,Chiamata celeste,,"""«la chiamata celeste»"""
la-stella-storiaSei-nascita-parsifal,Grande,ExplicitReference,Event,Nascita di Parsifal,,"""«la nascita alla bella stella»"""
la-luna-storiaSei-terre-desolate,Grande,ExplicitReference,FictionalPlace,Terre desolate,,"""«terre desolate s'estendono»"""
la-torre-storiaSei-torre-di-amfortas,Grande,ExplicitReference,FictionalPlace,Torre di Amfortas (Re Pescatore),,"""«In riva a un lago d'acque morte c'è un castello sulla cui Torre s'è abbattuta una maledizione»"""
re-di-denari-storiasei-amfortas,Grande,ImplicitReference,Character,Amfortas (il Re Pescatore),,"""«Amfortas, il Re Pescatore [...] vecchio e magagnato»"""
re-di-bastoni-storiaSette-protagonista,Grande,ExplicitReference,Character,Protagonista,,"""«regge un arnese puntuto con la punta in giù [...] e difatti questo arnese a guardarlo bene somiglia a uno stile o calamo o matita ben temperata o penna a sfera»"""
cinque-di-bastoni-storiaSette-primi-segni-bambini,Grande,SuitOnlyReference,InanimateObject,Prime segni dei bambini,,"""«aste che fanno i bambini a scuola, primo balbettio di chi prova a comunicare tracciando dei segni»"""
cinque-di-bastoni-storiaSette-legni-di-pioppo,Grande,SuitOnlyReference,InanimateObject,Legni di pioppo,,"""«legni di pioppo da cui s'impasta la bianca cellulosa e se ne sfogliano risme di pagine»"""
due-di-denari-storiaSette-scrittura-come-scambio,Grande,ExplicitReference,Symbol,Scrittura come forma di scambio,,"""«un segno di scambio, di quello scambio che è in ogni segno, [...] il segno di scrittura imparentato con gli scambi d'altra roba, non per niente inventato dai fenici»"""
sette-di-coppe-storiaSette-calamai-prosciugati,Grande,ExplicitReference,InanimateObject,Calamai prosciugati,,"""«calamai prosciugati aspettando che nel buio dell'inchiostro vengano a galla i demoni»"""
fante-di-coppe-storiaSette-protagonista,Grande,ExplicitReference,Character,Protagonista,,"""«mi ritrae mentre mi chino a scrutare dentro l'involucro di me stesso»"""
il-diavolo-storiaSette-diavolo,Grande,ExplicitReference,Character,Diavolo,,"""«il Marchese tanto diabolico da esser detto divino»"""
il-diavolo-storiaSette-brulicare-demoniaco-personale,Grande,ExplicitReference,Symbol,Brulicare demoniaco personale,,"""«la materia prima dello scrivere non è tutto un risalire alla superficie di grinfie pelose, azzannamenti cagneschi» / «questo brulicare demoniaco all'interno delle persone singole e plurali»"""
il-papa-storiaSette-sigismondo-di-vindobona,Grande,ExplicitReference,Character,"Sigismondo di Vindobona ",il-papa-storiaSette-sigismondo-di-vindobona-freud-persona,"""«il gran pastore d'anime e interprete di sogni Sigismondo di vindobona»"""
cavaliere-di-spade-storiaSette-protagonista,Grande,ExplicitReference,Character,Protagonista,,"""«Per sentieri d'inchiostro s'allontana al galoppo lo slancio guerriero della giovinezza, l'ansia esistenziale, l'energia dell'avventura spesi in una carneficina di cancellature e fogli appallottolati»"""
lo-eremita-storiaSette-protagonista,Grande,ExplicitReference,Character,Protagonista,,"""«topo di biblioteca che perlustra a lume di lanterna una sapienza dimenticata tra le note a piè di pagina e i rimandi degli indici analitici»"""
il-bagatto-storiaSette-protagonista,Grande,ExplicitReference,Character,Protagonista,,"""«un giocoliere o illusionista che dispone sul suo banco da fiera un certo numero di figure e spostandole, connettendole e scambiandole ottiene un certo numero d'effetti»"""
regina-di-coppe-storiaOtto-protagonista,Grande,ExplicitReference,Character,Protagonista,,"""«due sorelle [...] una angelica» e che «ha preso il velo» / «Giustina»"""
regina-di-spade-storiaOtto-Giulietta,Grande,ExplicitReference,Character,Giulietta,,"""«due sorelle [...] l'altra perversa» / «Giulietta»"""
lo-eremita-storiaOtto-eremita,,ExplicitReferenceNoImage,Character,Eremita,,"""«un Eremita la butta sotto e approfitta delle sue grazie alle sue spalle»"""
la-papessa-storiaOtto-badessa,,ExplicitReferenceNoImage,Character,Badessa,,"""«la badessa»"""
lo-amore-storiaOtto-amore,,ExplicitReferenceNoImage,Symbol,Amore,,"""«promiscui segreti dell'Amore»"""
la-ruota-della-fortuna-storiaOtto-ruota-dei-supplizi,,ExplicitReferenceNoImage,Symbol,Ruota dei supplizi,,"""«c'è chi gode a far girare la Ruota dei supplizi»"""
il-penduto-storiaOtto-parte-lesa-amore,,ExplicitReferenceNoImage,Symbol,Parte lesa in amore,,"""«c'è chi gode [...] e chi a stare Appeso per i piedi»"""
fante-di-denari-storiaNove-protagonista,Grande,ExplicitReference,Character,Protagonista,,"""«un giovane [...] che vuole allontanare da sé una nera profezia: parricidio e nozze con la propria madre» / «Edipo»"""
il-carro-storiaNove-carro,Piccola,ExplicitReference,InanimateObject,Carro,,"""«partire alla ventura su un Carro riccamente addobbato»"""
due-di-bastoni-storiaNove-incrocio,Piccola,ExplicitReference,Event,Incrocio,,"""«un crocicchio sulla polverosa strada maestra [...] il posto in cui la strada che viene da Corinto incrocia quella che va a Tebe»"""
asso-di-bastoni-storiaNove-rissa,Piccola,ExplicitReference,Event,Rissa,,"""«una rissa da strada, anzi da trivio, quando due carri non vogliono darsi il passo e restano coi mozzi delle ruote incastrati e i conducenti saltano a terra imbestialiti»"""
asso-di-spade-storiaNove-arma-da-taglio,Piccola,ExplicitReference,InanimateObject,Arma da taglio,,"""«tira fuori dalla tasca un'arma da taglio»"""
il-matto-storiaNove-conducente-impazzito,Piccola,ExplicitReference,Character,Conducente impazzito,,"""«lo sconossciuto, quello proveniente da Tebe [...] così impara a controllare i suoi nervi»"""
la-morte-storiaNove-conducente-ucciso,Piccola,ExplicitReference,Character,Conducente ucciso,,"""«lo sconosciuto [...] rimasto in terra»"""
la-ruota-della-fortuna-storiaNove-sfinge-custode-tebe,Grande,ExplicitReference,Character,Sfinge custode di Tebe,,"""Sfinge"""
lo-imperatore-storiaNove-protagonista,Piccola,ExplicitReference,Character,Protagonista,,"""«l'ingresso in Tebe come un Imperatore trionfante»""
"
otto-di-coppe-storiaNove-banchetto-nozze,Piccola,SuitOnlyReference,Event,Banchetto di nozze,,"""«le Coppe del banchetto di nozze»"""
regina-di-denari-storiaNove-regina-giocasta,Piccola,ExplicitReference,Character,Regina Giocasta,,"""«la Regina Giocasta [...] donna desiderabile benché matura»"""
la-torre-storiaNove-peste,Piccola,ImplicitReference,Event,Peste,,"""«la peste infesta Tebe, [...] i corpi dànno fuori bubboni rossi e blu e cascano stecchiti per le strade»"""
la-papessa-storiaNove-sibilla-delfica,Piccola,ExplicitReference,Character,Sibilla Delfica,,"""«la Sibilla Delfica [...]: la vecchia con la tiara e il libro aperto»"""
il-giudizio-storiaNove-scoperta-trauma-edipico,Grande,ExplicitReference,Event,Scoperta del trauma edipico,,"""«la scena primaria a cui rimanda la dottrina sigismondiana dei sogni: il tenero angioletto che [...] vede i grandi che non si sa cosa stanno facendo, tutti nudi e in posizioni incomprensibili»"""
lo-eremita-storiaNove-protagonista,Piccola,ExplicitReference,Character,Protagonista,,"""«Edipo [...] si strappa il lume degli occhi [...] e prende la via di Colono col mantello e il bastone del pellegrino»"""
la-torre-storiaDieci-castello-elsinore,Grande,ExplicitReference,FictionalPlace,Castello d'Elsinore,la-torre-storiaDieci-castello-elsinore-luogo,"""«gli spalti del castello d'Elsinore»"""
fante-di-spade-storiaDieci-protagonista,Grande,ImplicitReference,Character,Protagonista,,"""«un giovane che porta la spada per grattarsi sotto la fluente capigliatura bionda» / Amleto"""
lo-imperatore-storiaDieci-spettro-re-danimarca,Piccola,ExplicitReference,Character,Spettro del Re di Danimarca,,"""«uno spettro somigliante nella barba brizzolata e nell'elmo e corazza splendenti [...] al defunto re di Danimarca»"""
la-giustizia-storiaDieci-giustizia,Piccola,ExplicitReference,Symbol,Giustizia,,"""«ritornato a chiedere Giustizia»"""
la-luna-storiaDieci-mondo-sublunare,Grande,ExplicitReference,FictionalPlace,Mondo sublunare,,"""«il nostro mondo sublunare orripilando i raggi della Luna»"""
il-matto-storiaDieci-protagonista,Grande,ExplicitReference,Character,Protagonista,,"""«altro non è che la parte ch'egli stesso s'è imposto, per meglio studiare un piano di vendetta e nascondere l'animo sconvolto»"""
lo-amore-storiaDieci-follia-amore,Grande,ExplicitReference,Symbol,Follia d'amore,,"""«sua madre l'ha sorpreso a delirare per Ofelia: la diagnosi è presto fatta, chiamiamola follia d'amore»"""
la-temperanza-storiaDieci-ofelia,Grande,ExplicitReference,Character,Ofelia,,"""Ofelia"""
il-bagatto-storiaDieci-compagnia-di-saltimbanchi,Grande,ExplicitReference,Character,Compagnia di saltimbanchi,,"""«una compagnia di saltimbanchi o attori girovaghi è arrivata a dar spettacolo a corte»"""
la-imperatrice-storiaDieci-gertrude,Grande,ExplicitReference,Character,Gertrude,,"""«un'Imperatrice adultera e assassina»"""
lo-eremita-storiaDieci-polonio,Piccola,ExplicitReference,Character,Polonio,,"""«il vecchio Polonio, inchiodato per sempre nell'atto di origiliare»"""
fante-di-denari-storiaDieci-protagonista,Piccola,ExplicitRefernce,Character,Protagonista,,"""«assorto nella contemplazione d'un disegno circolare» / «Amleto pensa alla Morte sollvando il teschio smascellato di Yorick il buffone»"""
il-mondo-storiaDieci-ofelia-fuori-di-se,Grande,ExplicitReference,Character,Ofelia fuori di sé,,"""«Ofelia esce di senno, cinguetta non-sensi e filastrocche, vaga per i prati cinta di ghirlande»"""
la-stella-storiaDieci-ofelia-sta-per-annegare,Grande,ExplicitReference,Character,Ofelia che sta per annegare,,"""«Ofelia sulla riva d'un ruscello, protesta sulla corrente vitrea e mucillaginosa che tra un'istante l'affogherà»"""
la-morte-storiaDieci-meditazione-sulla-morte,,ExplicitReferenceNoImage,Event,"Meditazione sulla morte ",,"""«Nascosto tra le tombe del cimitero, Amleto pensa alla Morte»"""
il-matto-storiaDieci-Yorick-buffone,,ExplicitReferenceNoImage,Character,Yorick il buffone,,"""«Yorick il buffone»"""
due-di-spade-storiaDieci-duello,Grande,ExplicitReference,Event,Duello,,"""«Due Spade s'incrociano in un duello: [...] una è aguzza e l'altra ottusa, l'una è avvelenata e l'altra asettica»"""
il-carro-storiaDieci-arrivo-fortebraccio-di-norvegia,Grande,ExplicitReference,Event,Arrivo di Fortebraccio di Norvegia,,"""«Fortebraccio di Norvegia sbarca sulla pallida isola del Baltico»"""
la-torre-storiaUndici-castello-dunsinane,Grande,ExplicitReference,FictionalPlace,Castello di Dunsinane,la-torre-storiaUndici-castello-dunsinane-luogo,"""«il castello di Dunsinane quando si scatenerà la vendetta che le streghe hanno oscuramente annunciato»"""
dieci-di-bastoni-storiaUndici-foresta-che-cammina,Piccola,ExplicitReference,Event,Foresta che cammina,,"""«la foresta di Birnam si muoverà risalendo le pendici della collina, schere e schiere d'alberi verranno avanti sulle radici arrancate fuori della terra»"""
asso-di-spade-storiaUndici-parto-cesareo-macduff,Piccola,ExplicitReference,Event,Nascita di Macduff per parto cesareo,,"""«Macduff, nato da un taglio di spada»"""
asso-di-spade-storiaUndici-macduff-uccide-machbeth,Piccola,ExplicitReference,Event,Macduff uccide Macbeth,,"""«Macduff [...] è colui che con un taglio di Spada gli taglierà la testa»"""
la-papessa-storiaUndici-fattucchiera-profetante,Piccola,ExplicitReference,Character,Fattucchiera profetante,,"""«la vendetta che le streghe hanno oscuramente annunciato»"""
la-luna-storiaUndici-notte-delle-streghe,Grande,ExplicitReference,Event,Notte delle streghe,,"""«Luna o notte in cui tre volte miagola il gatto tigrato e grunisce il porcospino»"""
la-ruota-della-fortuna-storiaUndici-rimestio-calderone,Piccola,ExplicitReference,Event,Rimestio del calderone,,"""«rimestio del gorgoliante calderone in cui si disfano mummie di maliarda, fiele di capra, [...] i segni più insensati che le streghe impastano nel loro intruglio»"""
regina-di-spade-storiaUndici-protagonista,Grande,ExplicitReference,Character,Protagonista,,"""Lady Macbeth"""
lo-eremita-storiaUndici-spettro-di-banquo,Piccola,ExplicitRefernce,Character,Spettro di Banquo,,"""«una nuova apparizioen spettrale, l'ombra incappucciata di Banquo morto sgozzato che avanza a stento per i corridoi del castello»"""
lo-eremita-storiaUndici-macbeth,Piccola,ExplicitReference,Character,Macbeth,,"""«suo marito in persona, Macbeth» / «Mani di sangue e cuore pallido!»"""
la-stella-storiaUndici-protagonista,Grande,ExplicitReference,Character,Protagonista,,"""«sonnambula che s'alza di notte senza vesti e a occhi chiusi contempla macchie di sangue sulle sue mani e s'affanna in inutili lavacri»"""
il-carro-storiaundici-re-di-scozia-avanza-vittorioso,Grande,ExplicitReference,Event,Re di Scozia avanza vittorioso,,"""«il legittimo erede del trono usurpato da Macbeth, ed il suo carro avanzi alla testa dell'esercito inglese»"""
re-di-coppe-storiaDodici-protagonista,Grande,ExplicitReference,Character,Protagonista,,"""«un vegliardo, che nell'altra mano solleva la figura del Re di Coppe, certo per farsi riconoscere, dato che nessuno degli attributi regali resta sulla sua persona derelitta»"""
regina-di-bastoni-storiaDodici-regana,Piccola,ImplicitReference,Character,Regana,,"""«le sue due figlie snaturate»"""
regina-di-denari-storiaDodici-gonerilla,Piccola,ImplicitReference,Character,Gonerilla,,"""«le sue due figlie snaturate»"""
la-luna-storiaDodici-desolazione-vuoto,Grande,ExplicitReference,Symbol,Desolazione e vuoto,,"""«nulla al mondo gli hanno lasciato» / «il paesaggio squallido della Luna»"""
la-torre-storiaDodici-re-cacciato,Grande,ExplicitReference,Event,Re cacciato dalla sua reggia,,"""«la prova di come egli è stato cacciato dalla sua reggia, rovesciato fuori dalle mura come un bidone d'immondizia»"""
lo-eremita-storiaDodici-protagonista,Grande,ExplicitReference,Character,Protagonista,,"""«la sua mente ormai albergava solo vento e fulmini e follia» / «le curve spalle rincantucciate non più nel manto d'ermellino ma in un saio da Eremita»"""
il-matto-storiaDodici-buffonde-del-re,Grande,ExplicitReference,Character,Buffone del re,,"""«col Matto per unico sostegno e specchio della sua follia»"""
la-temperanza-storiaDodici-cordelia,,ExplicitReferenceNoImage,Character,Cordelia,,"""«l'angelica Cordelia [...] la figlia da lui incompresa e ingiustamente scacciata»"""
la-stella-storiaDodici-cordelia-esule,Grande,ExplicitReference,Character,Cordelia esule,,"""«Senza più asilo né panni per coprirsi s'è rifugiata in queste lande deserte, e beve l'acqua dei fossi»"""
il-carro-storiaDodici-arrivo-re-di-francia,Grande,ExplicitReference,Event,Arrivo del Re di Francia,,«è il re di Francia sposo a Cordelia che ha attraversato la Manica in soccorso a Lear»