odi:StoryCard,odi:isACardOf,odi:specifies,odi:hasVariantName,odi:hasPositionInTheText,odi:hasIconography,odi:carriesRepresentation
cavaliere-di-coppe-storiaUno,storiaUno,cavaliere-di-coppe,,1,Grande,cavaliere-di-coppe-storiaUno-protagonista
otto-di-coppe-storiaUno,storiaUno,otto-di-coppe,,2,Piccola,otto-di-coppe-storiaUno-banchetto-di-nozze
dieci-di-bastoni-storiaUno,storiaUno,dieci-di-bastoni,,3,Piccola,dieci-di-bastoni-storiaUno-bosco
lo-amore-storiaUno,storiaUno,lo-amore,"""Amoroso, Amanti""",4,Grande,lo-amore-storiaUno-pena-di-cuore
il-carro-storiaUno,storiaUno,il-carro,,5,Grande,il-carro-storiaUno-viaggio
due-di-bastoni-storiaUno,storiaUno,due-di-bastoni,,6,Grande,due-di-bastoni-storiaUno-necessità-di-una-scelta
fante-di-denari-storiaUno,storiaUno,fante-di-denari,,7,Grande,fante-di-denari-storiaUno-protagonista
asso-di-denari-storiaUno,storiaUno,asso-di-denari,,8,Piccola,asso-di-denari-storiaUno-moneta-testa
cinque-di-bastoni-storiaUno,storiaUno,cinque-di-bastoni,,9,Piccola,cinque-di-bastoni-storiaUno-moneta-croce
asso-di-bastoni-storiaUno,storiaUno,asso-di-bastoni,,10,Grande,asso-di-bastoni-storiaUno-tronco
il-sole-storiaUno,storiaUno,il-sole,,11,Grande,il-sole-storiaUno-due-bambini
asso-di-coppe-storiaUno,storiaUno,asso-di-coppe,,12,Grande,asso-di-coppe-storiaUno-città-del-tutto
la-imperatrice-storiaUno,storiaUno,la-imperatrice,Angelo coronato,13,Grande,la-imperatrice-storiaUno-angelo-coronato
due-di-coppe-storiaUno,storiaUno,due-di-coppe,,14,Grande,due-di-coppe-storiaUno-due-pozzi
la-giustizia-storiaUno,storiaUno,la-giustizia,,15,Grande,la-giustizia-storiaUno-angelo-coronato
regina-di-spade-storiaUno,storiaUno,regina-di-spade,,16,Piccola,regina-di-spade-storiaUno-donna-via-delle-passioni
regina-di-coppe-storiaUno,storiaUno,regina-di-coppe,,17,Piccola,regina-di-coppe-storiaUno-donna-via-della-sapienza
cinque-di-coppe-storiaUno,storiaUno,cinque-di-coppe,,18,Grande,cinque-di-coppe-storiaUno-destini-intercambiabili
la-stella-storiaUno,storiaUno,la-stella,Stelle,19,Grande,la-stella-storiaUno-mare-che-disseta
la-luna-storiaUno,storiaUno,la-luna,,20,Grande,la-luna-storiaUno-cataclisma
la-torre-storiaUno,storiaUno,la-torre,,21,Grande,la-torre-storiaUno-mura-diroccate
il-diavolo-storiaUno,storiaUno,il-diavolo,Angelo che abita nel punto in cui le linee si biforcano,22,Grande,il-diavolo-storiaUno-diavolo
il-penduto-storiaUno,storiaUno,il-penduto,L'Appeso,23,Grande,il-penduto-storiaUno-protagonista
"il-mondo-storiaUno ",storiaUno,il-mondo,,24,Grande,il-mondo-storiaUno-catena-di-mutazioni
la-ruota-della-fortuna-storiaUno,storiaUno,la-ruota-della-fortuna,,25,Grande,la-ruota-della-fortuna-storiUno-ciclo-della-vita
il-giudizio-storiaUno,storiaUno,il-giudizio,Arcano del terremoto finale,26,Grande,il-giudizio-storiaUno-terremoto-finale
sei-di-spade-storiaUno,storiaUno,sei-di-spade,,27,Piccola,sei-di-spade-storiaUno-scomposizione-del-se
sette-di-coppe-storiaUno,storiaUno,sette-di-coppe,,28,Piccola,sette-di-coppe-storiaUno-crateri-vulcani
nove-di-denari-storiaUno,storiaUno,nove-di-denari,,29,Piccola,nove-di-denari-storiaUno-cristalli
sei-di-bastoni-storiaUno,storiaUno,sei-di-bastoni,,30,Piccola,sei-di-bastoni-storiaUno-bosco
cavaliere-di-denari-storiaUno,storiaUno,cavaliere-di-denari,Cavallo di denari,31,Grande,cavaliere-di-denari-storiaUno-protagonista
regina-di-bastoni-storiaDue,storiaDue,regina-di-bastoni,,1,Grande,regina-di-bastoni-storiaDue-protagonista
sei-di-bastoni-StoriaDue,storiaDue,sei-di-bastoni,,2,Piccola,sei-di-bastoni-storiaDue-foresta
lo-eremita-storiaDue,storiaDue,lo-eremita,,3,Piccola,lo-eremita-storiaDue-padre
la-forza-storiaDue,storiaDue,la-forza,,4,Grande,la-forza-storiaDue-forza
cavaliere-di-denari-storiaDue,storiaDue,cavaliere-di-denari,,5,Piccola,cavaliere-di-denari-storiaDue-cavaliere
il-penduto-storiaDue,storiaDue,il-penduto,,6,Grande,il-penduto-storiaDue-protagonista
fante-di-bastoni-storiaDue,storiaDue,fante-di-bastoni,,7,Piccola,fante-di-bastoni-storiaDue-brigante
asso-di-bastoni-storiaDue,storiaDue,asso-di-bastoni,,8,Piccola,asso-di-bastoni-storiaDue-clava
due-di-coppe-storiaDue,storiaDue,due-di-coppe,,9,Piccola,due-di-coppe-storiaDue-due-coppe
il-mondo-storiaDue,storiaDue,il-mondo,,10,Grande,il-mondo-storiaDue-nudità
lo-amore-storiaDue,storiaDue,lo-amore,,11,Piccola,lo-amore-storiaDue-invaghimento
il-papa-storiaDue,storiaDue,il-papa,,12,Piccola,il-papa-storiaDue-papa
il-carro-storiaDue,storiaDue,il-carro,,13,Piccola,il-carro-storiaDue-carro
tre-di-denari-storiaDue,storiaDue,tre-di-denari,,14,Piccola,tre-di-denari-storiaDue-provvigione
la-stella-storiaDue,storiaDue,la-stella,,15,Grande,la-stella-storiaDue-scorrere-del-tempo
il-sole-storiaDue,storiaDue,il-sole,,16,Piccola,il-sole-storiaDue-due-gemelli
la-giustizia-storiaDue,storiaDue,la-giustizia,,17,Piccola,la-giustizia-storiaDue-giustizia
lo-imperatore-storiaDue,storiaDue,lo-imperatore,,18,Piccola,lo-imperatore-storiaDue-imperatore
il-matto-storiaDue,storiaDue,il-matto,,19,Piccola,il-matto-storiaDue-uomo-in-fuga
la-luna-storiaDue,storiaDue,la-luna,,20,Grande,la-luna-storiaDue-desolazione-urbana
la-ruota-della-fortuna-storiaDue,storiaDue,la-ruota-della-fortuna,,21,Grande,la-ruota-della-fortuna-storiaDue-ruota-degli-ingranaggi
il-giudizio-storiaDue,storiaDue,il-giudizio,,22,Grande,il-giudizio-storiaDue-giorno-del-giudizio
la-torre-storiaDue,storiaDue,la-torre,,23,Grande,la-torre-storiaDue-torre-di-nembrotte
cavaliere-di-bastoni-storiaTre,storiaTre,cavaliere-di-bastoni,,1,Grande,cavaliere-di-bastoni-storiaTre-protagonista
dieci-di-spade-storiaTre,storiaTre,dieci-di-spade,,2,"Grande ",dieci-di-spade-storiaTre-combattimento
cavaliere-di-spade-storiaTre,storiaTre,cavaliere-di-spade,,3,Grande,cavaliere-di-spade-storiaTre-cavaliere
due-di-spade-storiaTre,storiaTre,due-di-spade,,4,"Grande ",due-di-spade-storiaTre-duello
il-giudizio-storiaTre,storiaTre,il-giudizio,,5,Grande,il-giudizio-storiaTre-tromba
lo-imperatore-storiaTre,storiaTre,lo-imperatore,,6,Grande,lo-imperatore-storiaTre-imperatore
quattro-di-bastoni-storiaTre,storiaTre,quattro-di-bastoni,,7,Grande,quattro-di-bastoni-storiaTre-bosco
la-morte-storiaTre,storiaTre,la-morte,,8,Grande,la-morte-storiaTre-morte
il-matto-storiaTre,storiaTre,il-matto,,9,Grande,il-matto-storiaTre-soldato-ferito
la-luna-storiaTre,storiaTre,la-luna,,10,Grande,la-luna-storiaTre-paesaggio-notturno
sei-di-bastoni-storiaTre,storiaTre,sei-di-bastoni,,11,Piccola,sei-di-bastoni-storiaTre-campo-di-morte
asso-di-denari-storiaTre,storiaTre,asso-di-denari,,12,Piccola,asso-di-denari-storiaTre-scudo
asso-di-spade-storiaTre,storiaTre,asso-di-spade,,13,Grande,asso-di-spade-storiaTre-spada
la-stella-storiaTre,storiaTre,la-stella,Le Stelle,14,Grande,la-stella-storiaTre-cavaliere-rivelato
il-penduto-storiaTre,storiaTre,il-penduto,L'Appeso,15,Grande,il-penduto-storiaTre-protagonista
il-mondo-storiaTre,storiaTre,il-mondo,,16,Grande,il-mondo-storiaTre-guerriera-gigantesca
la-forza-storiaTre,storiaTre,la-forza,,17,Grande,la-forza-storiaTre-forza
lo-eremita-storiaTre,storiaTre,lo-eremita,,18,Grande,lo-eremita-storiaTre-eremita
la-giustizia-storiaTre,storiaTre,la-giustizia,,19,Piccola,la-giustizia-storiaTre-amazzoni-giustiziere
la-torre-storiaTre,storiaTre,la-torre,,20,Piccola,la-torre-storiaTre-crollo-potere-maschile
regina-di-bastoni-storiaTre,storiaTre,regina-di-bastoni,,21,Grande,regina-di-bastoni-storiaTre-regine-punitrici
la-morte-storiaQuattro,storiaQuattro,la-morte,Arcano Numero Tredici,1,,la-morte-storiaQuattro-morte
fante-di-bastoni-storiaQuattro,storiaQuattro,fante-di-bastoni,,2,Grande,fante-di-bastoni-storiaQuattro-protagonista
nove-di-coppe-storiaQuattro,storiaQuattro,nove-di-coppe,,3,Piccola,nove-di-coppe-storiaQuattro-urne-funerarie
otto-di-spade-storiaQuattro,storiaQuattro,otto-di-spade,,4,Piccola,otto-di-spade-storiaQuattro-vanghe-e-badili
cinque-di-bastoni-storiaQuattro,storiaQuattro,cinque-di-bastoni,,5,Piccola,cinque-di-bastoni-storiaQuattro-croci-storte
sette-di-denari-storiaQuattro,storiaQuattro,sette-di-denari,,6,Piccola,sette-di-denari-storiaQuattro-fuochi-fatui
la-luna-storiaQuattro,storiaQuattro,la-luna,,7,Piccola,la-luna-storiaQuattro-paesaggio-notturno
re-di-spade-storiaQuattro,storiaQuattro,re-di-spade,,8,Grande,re-di-spade-storiaQuattro-re
il-matto-storiaQuattro,storiaQuattro,il-matto,,9,Grande,il-matto-storiaQuattro-buffone
regina-di-coppe-storiaQuattro,storiaQuattro,regina-di-coppe,,10,Piccola,regina-di-coppe-storiaQuattro-regina
lo-amore-storiaQuattro,storiaQuattro,lo-amore,,11,Piccola,lo-amore-storiaQuattro-intrigo-amore
il-sole-storiaQuattro,storiaQuattro,il-sole,,12,,il-sole-storiaQuattro-trasparenza
dieci-di-denari-storiaQuattro,storiaQuattro,dieci-di-denari,,13,Piccola,dieci-di-denari-storiaQuattro-ricchezza
sette-di-coppe-storiaQuattro,storiaQuattro,sette-di-coppe,,14,Piccola,sette-di-coppe-storiaQuattro-abbondanza
la-ruota-della-fortuna-storiaQuattro,storiaQuattro,la-ruota-della-fortuna,,15,Piccola,la-ruota-della-fortuna-storiaQuattro-ruota-del-grande-meccanismo
la-giustizia-storiaQuattro,storiaQuattro,la-giustizia,,16,Piccola,la-giustizia-storiaQuattro-giustizia-amministrativa
asso-di-coppe-storiaQuattro,storiaQuattro,asso-di-coppe,,17,Grande,asso-di-coppe-storiaQuattro-città
sei-di-bastoni-storiaQuattro,storiaQuattro,sei-di-bastoni,,18,Grande,sei-di-bastoni-storiaQuattro-bosco
la-papessa-storiaQuattro,storiaQuattro,la-papessa,,19,Grande,la-papessa-storiaQuattro-strega
la-stella-storiaQuattro,storiaQuattro,la-stella,,20,Grande,la-stella-storiaQuattro-regina
il-giudizio-storiaQuattro,storiaQuattro,il-giudizio,,21,Piccola,il-giudizio-storiaQuattro-scoperchiamento-tomba
due-di-bastoni-storiaQuattro,storiaQuattro,due-di-bastoni,,22,Piccola,due-di-bastoni-storiaQuattro-due-bastoni
il-penduto-storiaQuattro,storiaQuattro,il-penduto,,23,Grande,il-penduto-storiaQuattro-cadavere-re
asso-di-bastoni-storiaQuattro,storiaQuattro,asso-di-bastoni,,24,Piccola,asso-di-bastoni-storiaQuattro-cadavere-re-rianimato
fante-di-coppe-storiaQuattro,storiaQuattro,fante-di-coppe,,25,Piccola,fante-di-coppe-storiaQuattro-cadavere-re-beve
due-di-coppe-storiaQuattro,storiaQuattro,due-di-coppe,,26,Grande,due-di-coppe-storiaQuattro-brindisi-di-sangue
il-diavolo-storiaQuattro,storiaQuattro,il-diavolo,,27,Grande,il-diavolo-storiaQuattro-unione-demoniaca
il-mondo-storiaQuattro,storiaQuattro,il-mondo,,28,Grande,il-mondo-storiaQuattro-riconciliazione-forze-terrestri-e-celesti
sette-di-spade-storiaQuattro,storiaQuattro,sette-di-spade,,29,Grande,sette-di-spade-storiaQuattro-esercito-reale
la-ruota-della-fortuna-storiaQuattro,storiaQuattro,la-ruota-della-fortuna,,,Grande,la-ruota-della-fortuna-storiaQuattro-ridda-degli-spettri
la-ruota-della-fortuna-storiaQuattro,storiaQuattro,la-ruota-della-fortuna,,,Grande,la-ruota-della-fortuna-storiaQuattro-trappola
la-ruota-della-fortuna-storiaQuattro,storiaQuattro,la-ruota-della-fortuna,,,Grande,la-ruota-della-fortuna-storiaQuattro-rampa-di-lancio
la-luna2-storiaQuattro,storiaQuattro,la-luna,,31,Grande,la-luna-storiaQuattro-luna
due-di-denari-storiaQuattro,storiaQuattro,due-di-denari,,32,Grande,due-di-denari-storiaQuattro-traiettoria-dalla-terra-alla-luna
la-torre-storiaQuattro,storiaQuattro,la-torre,,33,Piccola,la-torre-storiaQuattro-torre-colpita-fulmine
il-bagatto-storiaQuattro,storiaQuattro,il-bagatto,,34,Piccola,il-bagatto-storiaQuattro-ingegnere
la-torre-storiaQuattro,storiaQuattro,la-torre,,35,Grande,la-torre-storiaQuattro-caduta-della-regina
il-penduto-storiaQuattro,storiaQuattro,il-penduto,,,Grande,il-penduto-storiaQuattro-regina-appesa-ai-fili
re-di-denari-storiaCinque,storiaCinque,re-di-denari,,1,Grande,re-di-denari-storiaCinque-protagonista
tre-di-coppe-storiaCinque,storiaCinque,tre-di-coppe,,2,Piccola,tre-di-coppe-storiaCinque-strumenti-alchemici
sette-di-denari-storiaCinque,storiaCinque,sette-di-denari,,3,Piccola,sette-di-denari-storiaCinque-oro
fante-di-coppe-storiaCinque,storiaCinque,fante-di-coppe,,4,Grande,fante-di-coppe-storiaCinque-famulo
asso-di-coppe-storiaCinque,storiaCinque,asso-di-coppe,,5,Grande,asso-di-coppe-storiaCinque-pietra-filosofale
il-sole-storiaCinque,storiaCinque,il-sole,,6,Piccola,il-sole-storiaCinque-astro-dell-oro
la-ruota-della-fortuna-storiaCinque,storiaCinque,la-ruota-della-fortuna,,7,,la-ruota-della-fortuna-storiaCinque-moto-perpetuo
il-giudizio-storiaCinque,storiaCinque,il-giudizio,,8,Piccola,il-giudizio-storiaCinque-morte-e-resurrezione
lo-eremita-storiaCinque,storiaCinque,lo-eremita,,9,Grande,lo-eremita-storiaCinque-vita-solitaria
la-torre-storiaCinque,storiaCinque,la-torre,,10,Grande,la-torre-storiaCinque-cella-alchimista
il-bagatto-storiaCinque,storiaCinque,il-bagatto,,11,Grande,il-bagatto-storiaCinque-chierico-vagante
il-mondo-storiaCinque,storiaCinque,il-mondo,Arcano XXI,12,Grande,il-mondo-storiaCinque-brodo-originario
dieci-di-denari-storiaCinque,storiaCinque,dieci-di-denari,,13,Grande,dieci-di-denari-storiaCinque-casseforti-oro
lo-amore-storiaCinque,storiaCinque,lo-amore,Arcano dell'amore,14,Grande,lo-amore-storiaCinque-amore-e-giovinezza
due-di-coppe-storiaCinque,storiaCinque,due-di-coppe,,15,Grande,due-di-coppe-storiaCinque-segreto-alchemico
due-di-denari-storiaCinque,storiaCinque,due-di-denari,,16,Grande,due-di-denari-storiaCinque-baratto
la-temperanza-storiaCinque,storiaCinque,la-temperanza,,17,Grande,la-temperanza-storiaCinque-anima-faust
il-diavolo-storiaCinque,storiaCinque,il-diavolo,,18,Grande,il-diavolo-storiaCinque-mefistofele
asso-di-denari-storiaCinque,storiaCinque,asso-di-denari,,19,Grande,asso-di-denari-storiaCinque-terra-trasformata-in-oro
la-stella-storiaCinque,storiaCinque,la-stella,Arcano numero XVII,20,Grande,la-stella-storiaCinque-rinascita-di-Venere
cavaliere-di-spade-storiaSei,storiaSei,cavaliere-di-spade,,1,Grande,cavaliere-di-spade-storiaSei-protagonista
due-di-denari-storiaSei,storiaSei,due-di-denari,,2,Piccola,due-di-denari-storiaSei-lungo-percorso
due-di-spade-storiaSei,storiaSei,due-di-spade,,3,Piccola,due-di-spade-storiaSei-sfida
il-diavolo-storiaSei,storiaSei,il-diavolo,,4,,il-diavolo-storiaSei-potenze-infernali
il-bagatto-storiaSei,storiaSei,il-bagatto,,5,Piccola,il-bagatto-storiaSei-mago-merlino
sette-di-bastoni-storiaSei,storiaSei,sette-di-bastoni,,6,Piccola,sette-di-bastoni-storiaSei-foresta-di-brocelianda
dieci-di-coppe-storiaSei,storiaSei,dieci-di-coppe,,7,Piccola,dieci-di-coppe-storiaSei-tavola-rotonda
re-di-spade-storiaSei,storiaSei,re-di-spade,,8,Piccola,re-di-spade-storiaSei-re-artu
asso-di-coppe-storiaSei,storiaSei,asso-di-coppe,,9,Grande,asso-di-coppe-storiaSei-santo-graal
il-papa-storiaSei,storiaSei,il-papa,,10,Piccola,il-papa-storiaSei-religione-romana
lo-eremita-storiaSei,storiaSei,lo-eremita,,11,Piccola,lo-eremita-storiaSei-religione-celtica
il-sole-storiaSei,storiaSei,il-sole,,12,Piccola,il-sole-storiaSei-innocenza-fanciullesca
la-ruota-della-fortuna-storiaSei,storiaSei,la-ruota-della-fortuna,,13,,la-ruota-della-fortuna-storiaSei-incantesimo-del-bosco
il-giudizio-storiaSei,storiaSei,il-giudizio,,14,Piccola,il-giudizio-storiaSei-chiamata-celeste
la-stella-storiaSei,storiaSei,la-stella,,15,Grande,la-stella-storiaSei-nascita-parsifal
la-luna-storiaSei,storiaSei,la-luna,,16,Grande,la-luna-storiaSei-terre-desolate
la-torre-storiaSei,storiaSei,la-torre,,17,Grande,la-torre-storiaSei-torre-di-amfortas
re-di-denari-storiaSei,storiaSei,re-di-denari,,18,Grande,re-di-denari-storiaSei-amfortas
re-di-bastoni-storiaSette,storiaSette,re-di-bastoni,,1,Grande,re-di-bastoni-storiaSette-protagonista
cinque-di-bastoni-storiaSette,storiaSette,cinque-di-bastoni,,2,Grande,cinque-di-bastoni-storiaSette-primi-segni-bambini
cinque-di-bastoni-storiaSette,storiaSette,cinque-di-bastoni,,2,Grande,cinque-di-bastoni-storiaSette-legni-di-pioppo
due-di-denari-storiaSette,storiaSette,due-di-denari,,3,Grande,due-di-denari-storiaSette-scrittura-come-scambio
sette-di-coppe-storiaSette,storiaSette,sette-di-coppe,,4,Grande,sette-di-coppe-storiaSette-calamai-prosciugati
fante-di-coppe-storiaSette,storiaSette,fante-di-coppe,,5,Grande,fante-di-coppe-storiaSette-protagonista
il-diavolo-storiaSette,storiaSette,il-diavolo,,6,Grande,il-diavolo-storiaSette-diavolo
il-diavolo-storiaSette,storiaSette,il-diavolo,,6,Grande,il-diavolo-storiaSette-brulicare-demoniaco-personale
il-papa-storiaSette,storiaSette,il-papa,,,Grande,il-papa-storiaSette-sigismondo-di-vindobona
cavaliere-di-spade-storiaSette,storiaSette,cavaliere-di-spade,,,,cavaliere-di-spade-storiaSette-protagonista
lo-eremita-storiaSette,storiaSette,lo-eremita,,,,lo-eremita-storiaSette-protagonista
il-bagatto-storiaSette,storiaSette,il-bagatto,,,,il-bagatto-storiaSette-protagonista
regina-di-coppe-storiaOtto,storiaOtto,regina-di-coppe,,,Grande,regina-di-coppe-storiaOtto-protagonista
regina-di-spade-storiaOtto,storiaOtto,regina-di-spade,,,Grande,regina-di-spade-storiaOtto-Giulietta
lo-eremita-storiaOtto,storiaOtto,lo-eremita,,,,lo-eremita-storiaOtto-eremita
la-papessa-storiaOtto,storiaOtto,la-papessa,,,,la-papessa-storiaOtto-badessa
lo-amore-storiaOtto,storiaOtto,lo-amore,,,,lo-amore-storiaOtto-amore
la-ruota-della-fortuna-storiaOtto,storiaOtto,la-ruota-della-fortuna,,,,la-ruota-della-fortuna-storiaOtto-ruota-dei-supplizi
il-penduto-storiaOtto,storiaOtto,il-penduto,,,,il-penduto-storiaOtto-parte-lesa-amore
fante-di-denari-storiaNove,storiaNove,fante-di-denari,,,Grande,fante-di-denari-storiaNove-protagonista
il-carro-storiaNove,storiaNove,il-carro,,,Piccola,il-carro-storiaNove-carro
due-di-bastoni-storiaNove,storiaNove,due-di-bastoni,,,,due-di-bastoni-storiaNove-incrocio
asso-di-bastoni-storiaNove,storiaNove,asso-di-bastoni,,,,asso-di-bastoni-storiaNove-rissa
asso-di-spade-storiaNove,storiaNove,asso-di-spade,,,,asso-di-spade-storiaNove-arma-da-taglio
il-matto-storiaNove,storiaNove,il-matto,,,,il-matto-storiaNove-conducente-impazzito
la-morte-storiaNove,storiaNove,la-morte,,,,la-morte-storiaNove-conducente-ucciso
la-ruota-della-fortuna-storiaNove,storiaNove,la-ruota-della-fortuna,,,,la-ruota-della-fortuna-storiaNove-sfinge-custode-tebe
lo-imperatore-storiaNove,storiaNove,lo-imperatore,,,,lo-imperatore-storiaNove-protagonista
otto-di-coppe-storiaNove,storiaNove,otto-di-coppe,,,,otto-di-coppe-storiaNove-banchetto-nozze
regina-di-denari-storiaNove,storiaNove,regina-di-denari,,,,regina-di-denari-storiaNove-regina-giocasta
la-torre-storiaNove,storiaNove,la-torre,,,,la-torre-storiaNove-peste
la-papessa-storiaNove,storiaNove,la-papessa,,,,la-papessa-storiaNove-sibilla-delfica
il-giudizio-storiaNove,storiaNove,il-giudizio,Angelo,,,il-giudizio-storiaNove-scoperta-trauma-edipico
lo-eremita-storiaNove,storiaNove,lo-eremita,,,,lo-eremita-storiaNove-protagonista
la-torre-storiaDieci,storiaDieci,la-torre,"Casa di Dio, Casa del diavolo",,,"la-torre-storiaDieci-castello-elsinore
"
fante-di-spade-storiaDieci,storiaDieci,fante-di-spade,,,,fante-di-spade-storiaDieci-protagonista
lo-imperatore-storiaDieci,storiaDieci,lo-imperatore,,,,lo-imperatore-storiaDieci-spettro-re-danimarca
la-giustizia-storiaDieci,storiaDieci,la-giustizia,,,,la-giustizia-storiaDieci-giustizia
la-luna-storiaDieci,storiaDieci,la-luna,,,,la-luna-storiaDieci-mondo-sublunare
il-matto-storiaDieci,storiaDieci,il-matto,,,,il-matto-storiaDieci-protagonista
lo-amore-storiaDieci,storiaDieci,lo-amore,,,,lo-amore-storiaDieci-follia-amore
la-temperanza-storiaDieci,storiaDieci,la-temperanza,,,,la-temperanza-storiaDieci-ofelia
il-bagatto-storiaDieci,storiaDieci,il-bagatto,,,,il-bagatto-storiaDieci-compagnia-di-saltimbanchi
la-imperatrice-storiaDieci,storiaDieci,la-imperatrice,,,,la-imperatrice-storiaDieci-gertrude
lo-eremita-storiaDieci,storiaDieci,lo-eremita,,,,lo-eremita-storiaDieci-polonio
fante-di-denari-storiaDieci,storiaDieci,fante-di-denari,,,,fante-di-denari-storiaDieci-protagonista
il-mondo-storiaDieci,storiaDieci,il-mondo,,,,il-mondo-storiaDieci-ofelia-fuori-di-se
la-stella-storiaDieci,storiaDieci,la-stella,,,,la-stella-storiaDieci-ofelia-sta-per-annegare
la-morte-storiaDieci,storiaDieci,la-morte,,,,la-morte-storiaDieci-meditazione-sulla-morte
il-matto-storiaDieci,storiaDieci,il-matto,,,,il-matto-storiaDieci-Yorick-buffone
due-di-spade-storiaDieci,storiaDieci,due-di-spade,,,,due-di-spade-storiaDieci-duello
il-carro-storiaDieci,storiaDieci,il-carro,,,,il-carro-storiaDieci-arrivo-fortebraccio-di-norvegia
la-torre-storiaUndici,storiaUndici,la-torre,,,,la-torre-storiaUndici-castello-dunsinane
dieci-di-bastoni-storiaUndici,storiaUndici,dieci-di-bastoni,,,,dieci-di-bastoni-storiaUndici-foresta-che-cammina
asso-di-spade-storiaUndici,storiaUndici,asso-di-spade,,,,asso-di-spade-storiaUndici-parto-cesareo-macduff
asso-di-spade-storiaUndici,storiaUndici,asso-di-spade,,,,asso-di-spade-storiaUndici-macduff-uccide-machbeth
la-papessa-storiaUndici,storiaUndici,la-papessa,,,,la-papessa-storiaUndici-fattucchiera-profetante
la-luna-storiaUndici,storiaUndici,la-luna,,,,la-luna-storiaUndici-notte-delle-streghe
la-ruota-della-fortuna-storiaUndici,storiaUndici,la-ruota-della-fortuna,,,,la-ruota-della-fortuna-storiaUndici-rimestio-calderone
regina-di-spade-storiaUndici,storiaUndici,regina-di-spade,,,,regina-di-spade-storiaUndici-protagonista
lo-eremita-storiaUndici,storiaUndici,lo-eremita,,,,lo-eremita-storiaUndici-spettro-di-banquo
lo-eremita-storiaUndici,storiaUndici,lo-eremita,,,,lo-eremita-storiaUndici-macbeth
la-stella-storiaUndici,storiaUndici,la-stella,,,,la-stella-storiaUndici-protagonista
il-carro-storiaUndici,storiaUndici,il-carro,,,,il-carro-storiaundici-re-di-scozia-avanza-vittorioso
re-di-coppe-storiaDodici,storiaDodici,re-di-coppe,,,,re-di-coppe-storiaDodici-protagonista
regina-di-bastoni-storiaDodici,storiaDodici,regina-di-bastoni,,,,regina-di-bastoni-storiaDodici-regana
regina-di-denari-storiaDodici,storiaDodici,regina-di-denari,,,,regina-di-denari-storiaDodici-gonerilla
la-luna-storiaDodici,storiaDodici,la-luna,,,,la-luna-storiaDodici-desolazione-vuoto
la-torre-storiaDodici,storiaDodici,la-torre,,,,la-torre-storiaDodici-re-cacciato
lo-eremita-storiaDodici,storiaDodici,lo-eremita,,,,lo-eremita-storiaDodici-protagonista
il-matto-storiaDodici,storiaDodici,il-matto,,,,il-matto-storiaDodici-buffone-del-re
la-temperanza-storiaDodici,storiaDodici,la-temperanza,,,,la-temperanza-storiaDodici-cordelia
la-stella-storiaDodici,storiaDodici,la-stella,,,,la-stella-storiaDodici-cordelia-esule
il-carro-storiaDodici,storiaDodici,il-carro,,,,il-carro-storiaDodici-arrivo-re-di-francia